experiment,condition,seed,model,train_size,test_bleu,test_chrf,test_chrfpp,test_ter,training_time_seconds,actual_epochs,test_n_samples
ablations/additive,ADD-M1M2,123,facebook/nllb-200-distilled-600M,1292,10.187555215482448,23.320358603430726,21.571766416069085,95.20481927710843,2330.4683961868286,,1455
ablations/additive,ADD-M1M2,42,facebook/nllb-200-distilled-600M,1292,10.586949390266637,23.616877453046907,21.85808676646138,89.93975903614458,2404.4840474128723,,1455
ablations/additive,ADD-M1M2,456,facebook/nllb-200-distilled-600M,1292,10.213750565891578,23.11160854352477,21.36048195228516,100.44578313253012,2405.031192779541,,1455
ablations/additive,ADD-M1M2M3,123,facebook/nllb-200-distilled-600M,1944,12.801712902851516,24.927784178672162,23.226098690684374,91.43373493975903,3580.3388142585754,,1455
ablations/additive,ADD-M1M2M3,42,facebook/nllb-200-distilled-600M,1944,8.000791321849519,22.30821541321896,21.023536742692986,141.65060240963857,2264.9678769111633,,1455
ablations/additive,ADD-M1M2M3,456,facebook/nllb-200-distilled-600M,1944,12.9015688607542,24.921801390547706,23.381039780995007,90.80722891566265,2791.667211532593,,1455
ablations/additive,ADD-M1M2M3M4,123,facebook/nllb-200-distilled-600M,2597,10.940698257651425,26.037646422571665,24.580437397660756,146.7710843373494,3192.6172046661377,,1455
ablations/additive,ADD-M1M2M3M4,42,facebook/nllb-200-distilled-600M,2597,17.67225802173868,27.638048855247003,26.297965057678134,87.1566265060241,3251.640281677246,,1455
ablations/additive,ADD-M1M2M3M4,456,facebook/nllb-200-distilled-600M,2597,14.910874920616191,27.38192680227388,26.253590402710753,100.54216867469879,1807.4305818080902,,1455
ablations/minimal_pairs,PAIRS-BROKEN,123,facebook/nllb-200-distilled-600M,3397,5.082207067346545,13.082148316852097,12.440574250914707,101.01204819277108,3486.662109851837,,1455
ablations/minimal_pairs,PAIRS-BROKEN,42,facebook/nllb-200-distilled-600M,3397,4.839297110507714,13.084340214475532,12.268833338358892,103.21686746987953,3627.8647887706757,,1455
ablations/minimal_pairs,PAIRS-BROKEN,456,facebook/nllb-200-distilled-600M,3397,5.136731426269986,13.788057794116362,13.166885707971765,113.51807228915662,1692.5690398216248,,1455
ablations/minimal_pairs,PAIRS-INTACT,123,facebook/nllb-200-distilled-600M,3410,21.98606725226228,29.118924212523527,28.731378147765664,81.73493975903614,4248.235586881638,,1455
ablations/minimal_pairs,PAIRS-INTACT,42,facebook/nllb-200-distilled-600M,3410,21.675622000808385,29.23131623235871,28.80525365919247,85.59036144578313,3366.8391087055206,,1455
ablations/minimal_pairs,PAIRS-INTACT,456,facebook/nllb-200-distilled-600M,3410,21.08242007338709,29.145310016444082,28.73277829184976,86.02409638554217,2991.5999155044556,,1455
ablations/module_loo,BASE-ONLY,123,facebook/nllb-200-distilled-600M,760,7.9470983771950205,22.95814613089854,21.053311298582457,99.13253012048193,1253.4627368450165,,1455
ablations/module_loo,BASE-ONLY,42,facebook/nllb-200-distilled-600M,760,7.119938390119428,22.363053109377447,20.551404237873257,103.09638554216866,1304.9184458255768,,1455
ablations/module_loo,BASE-ONLY,456,facebook/nllb-200-distilled-600M,760,7.9594651103366,22.611138992534393,20.66104978310445,95.46987951807229,1266.0618789196014,,1455
ablations/module_loo,FULL,123,facebook/nllb-200-distilled-600M,3410,21.98606725226228,29.118924212523527,28.731378147765664,81.73493975903614,4198.938385486603,,1455
ablations/module_loo,FULL,42,facebook/nllb-200-distilled-600M,3410,21.675622000808385,29.23131623235871,28.80525365919247,85.59036144578313,3352.023186445236,,1455
ablations/module_loo,FULL,456,facebook/nllb-200-distilled-600M,3410,21.08242007338709,29.145310016444082,28.73277829184976,86.02409638554217,3030.8836572170258,,1455
ablations/module_loo,NO-FUTURE,123,facebook/nllb-200-distilled-600M,2692,14.670511641134825,27.554244374739632,26.73985318300885,96.08433734939759,1558.2264947891235,,1455
ablations/module_loo,NO-FUTURE,42,facebook/nllb-200-distilled-600M,2692,16.94110217401085,27.477662575962825,26.81911695120851,91.40963855421687,2318.717402458191,,1455
ablations/module_loo,NO-FUTURE,456,facebook/nllb-200-distilled-600M,2692,17.78374562179585,27.609592125089332,27.031410072542894,82.72289156626506,2706.8444426059723,,1455
ablations/module_loo,NO-NEGATION,123,facebook/nllb-200-distilled-600M,2713,19.446047839453865,27.699257948018957,26.98333687903013,83.54216867469879,4543.657452583313,,1455
ablations/module_loo,NO-NEGATION,42,facebook/nllb-200-distilled-600M,2713,16.472230282914214,27.421618893468025,26.682886434954796,103.46987951807229,3955.213850259781,,1455
ablations/module_loo,NO-NEGATION,456,facebook/nllb-200-distilled-600M,2713,19.404091125184863,28.196371325079756,27.55864213942239,84.01204819277109,4111.874037981033,,1455
ablations/module_loo,NO-PAST,123,facebook/nllb-200-distilled-600M,2688,16.753413042223002,27.93764062802273,27.472724420498846,93.10843373493975,2273.54146361351,,1455
ablations/module_loo,NO-PAST,42,facebook/nllb-200-distilled-600M,2688,19.445963884179722,27.97684441624204,27.31587811833394,81.0843373493976,4271.575613975525,,1455
ablations/module_loo,NO-PAST,456,facebook/nllb-200-distilled-600M,2688,18.426342987483416,27.750545287265176,27.287902200488052,88.43373493975903,3478.121165752411,,1455
ablations/module_loo,NO-QUESTIONS,123,facebook/nllb-200-distilled-600M,2895,17.37768669104286,27.82615343279591,26.61662202417377,90.60240963855422,2252.2249562740326,,1455
ablations/module_loo,NO-QUESTIONS,42,facebook/nllb-200-distilled-600M,2895,18.145688282175147,27.648834353626334,26.32137550768529,86.72289156626506,5433.468261480331,,1455
ablations/module_loo,NO-QUESTIONS,456,facebook/nllb-200-distilled-600M,2895,18.212556757657076,27.71270768531168,26.389642636431887,82.56626506024097,4684.853999614716,,1455
ablations/module_size_ctrl,BASE-1K,123,facebook/nllb-200-distilled-600M,734,6.727303555066237,21.47649423219861,19.581583087241476,115.08433734939759,1319.3367948532104,,1455
ablations/module_size_ctrl,BASE-1K,42,facebook/nllb-200-distilled-600M,734,7.640036559302137,22.081210206118186,20.160169171496644,103.12048192771084,1254.3512437343597,,1455
ablations/module_size_ctrl,BASE-1K,456,facebook/nllb-200-distilled-600M,734,7.648756511538229,22.73972889278091,20.796934875629248,98.14457831325302,1265.4656026363373,,1455
ablations/module_size_ctrl,FULL-1K,123,facebook/nllb-200-distilled-600M,759,19.923830438883684,28.560392854398213,28.03380595565837,80.74698795180723,1309.479323387146,,1455
ablations/module_size_ctrl,FULL-1K,42,facebook/nllb-200-distilled-600M,759,20.485461702679352,29.34212645624238,28.97370319521995,79.144578313253,1332.7914118766785,,1455
ablations/module_size_ctrl,FULL-1K,456,facebook/nllb-200-distilled-600M,759,18.870973686463028,28.86454806800389,28.30112924997725,87.37349397590361,1336.4242022037506,,1455
ablations/module_size_ctrl,NO-FUT-1K,123,facebook/nllb-200-distilled-600M,900,17.848361966412927,27.517788366799813,26.907295324516546,85.27710843373494,1573.1369783878326,,1455
ablations/module_size_ctrl,NO-FUT-1K,42,facebook/nllb-200-distilled-600M,763,15.775424449099535,27.170103171852755,26.29611421011344,85.63855421686746,1371.9524266719818,,1455
ablations/module_size_ctrl,NO-FUT-1K,456,facebook/nllb-200-distilled-600M,763,15.853674009550296,26.899290903931846,26.22694618208413,84.1566265060241,1341.2989263534546,,1455
ablations/module_size_ctrl,NO-NEG-1K,123,facebook/nllb-200-distilled-600M,769,17.339635791535326,27.568571990947316,26.908574841144617,86.63855421686748,1355.9697122573853,,1455
ablations/module_size_ctrl,NO-NEG-1K,42,facebook/nllb-200-distilled-600M,769,17.37778391388847,27.784702081465777,27.138140593206657,83.7710843373494,1359.7093710899353,,1455
ablations/module_size_ctrl,NO-NEG-1K,456,facebook/nllb-200-distilled-600M,769,11.731628798523369,26.39614819936686,25.68378501608926,120.83132530120481,1350.7004988193512,,1455
ablations/module_size_ctrl,NO-PAST-1K,123,facebook/nllb-200-distilled-600M,761,17.15727356442863,27.02619366990062,26.461826449786674,86.92771084337349,1418.8270180225372,,1455
ablations/module_size_ctrl,NO-PAST-1K,42,facebook/nllb-200-distilled-600M,761,14.368846466610462,26.29571588345983,25.824198170712254,98.6867469879518,1335.202617406845,,1455
ablations/module_size_ctrl,NO-PAST-1K,456,facebook/nllb-200-distilled-600M,761,18.24979910778378,27.663012792800668,27.121245200146372,80.46987951807229,1327.1030943393707,,1455
ablations/module_size_ctrl,NO-QUEST-1K,123,facebook/nllb-200-distilled-600M,751,15.58030301797092,27.35751573979572,26.080542180457556,88.97590361445783,1306.8019082546234,,1455
ablations/module_size_ctrl,NO-QUEST-1K,42,facebook/nllb-200-distilled-600M,751,16.29578904460897,27.230248654248385,25.921879726802132,83.74698795180723,1302.2083585262299,,1455
ablations/module_size_ctrl,NO-QUEST-1K,456,facebook/nllb-200-distilled-600M,751,16.132473386933395,27.37256516913827,26.06237198589977,83.87951807228916,1298.158061504364,,1455
ablations/pronoun,ALL-8,123,facebook/nllb-200-distilled-600M,3410,21.98606725226228,29.118924212523527,28.731378147765664,81.73493975903614,4205.682153463364,,1455
ablations/pronoun,ALL-8,42,facebook/nllb-200-distilled-600M,3410,21.675622000808385,29.23131623235871,28.80525365919247,85.59036144578313,3428.5486710071564,,1455
ablations/pronoun,ALL-8,456,facebook/nllb-200-distilled-600M,3410,21.08242007338709,29.145310016444082,28.73277829184976,86.02409638554217,3020.7428543567657,,1455
ablations/pronoun,MINIMAL-1,123,facebook/nllb-200-distilled-600M,346,7.202527389563017,21.877638233432506,20.961948699972854,123.1566265060241,566.4178075790405,,1455
ablations/pronoun,MINIMAL-1,42,facebook/nllb-200-distilled-600M,346,4.430308182239397,19.425980727420978,18.593936167550947,177.5421686746988,577.1206629276276,,1455
ablations/pronoun,MINIMAL-1,456,facebook/nllb-200-distilled-600M,346,7.919624418670309,21.440704558929944,20.646575570640564,117.46987951807229,570.3934352397919,,1455
ablations/pronoun,REDUCED-4,123,facebook/nllb-200-distilled-600M,1704,20.8510934607764,29.490523643129873,29.210524662115677,83.3855421686747,3060.638282060623,,1455
ablations/pronoun,REDUCED-4,42,facebook/nllb-200-distilled-600M,1704,20.611947220200754,29.249466336384238,28.862265201014754,87.71084337349397,2352.9746701717377,,1455
ablations/pronoun,REDUCED-4,456,facebook/nllb-200-distilled-600M,1704,20.963419149374445,29.354591054653323,29.084769434261105,85.25301204819277,2443.2207474708557,,1455
ablations/pronoun,SINGULAR-3,123,facebook/nllb-200-distilled-600M,1228,20.133214370734933,29.396644562437306,28.685594519178633,85.48192771084338,2200.722536802292,,1455
ablations/pronoun,SINGULAR-3,42,facebook/nllb-200-distilled-600M,1228,19.910884654923898,28.583672851662683,27.871324470955823,84.42168674698796,2269.4464886188507,,1455
ablations/pronoun,SINGULAR-3,456,facebook/nllb-200-distilled-600M,1228,19.80827380098937,28.835732751014838,28.08234392573069,86.73493975903614,2298.464047193527,,1455
ablations/verb,1-VERB,123,facebook/nllb-200-distilled-600M,190,3.035536354037417,14.446801825898763,13.536710431606174,115.71084337349397,287.672523021698,,1455
ablations/verb,1-VERB,42,facebook/nllb-200-distilled-600M,190,2.9821196879547425,14.240064971981772,13.314793636251467,114.98795180722891,295.4358413219452,,1455
ablations/verb,1-VERB,456,facebook/nllb-200-distilled-600M,190,3.1690677393023474,14.397559977609811,13.49020460558685,108.4698795180723,294.47104120254517,,1455
ablations/verb,10-VERBS,123,facebook/nllb-200-distilled-600M,3410,21.98606725226228,29.118924212523527,28.731378147765664,81.73493975903614,4294.387665987015,,1455
ablations/verb,10-VERBS,42,facebook/nllb-200-distilled-600M,3410,21.675622000808385,29.23131623235871,28.80525365919247,85.59036144578313,3409.292439222336,,1455
ablations/verb,10-VERBS,456,facebook/nllb-200-distilled-600M,3410,21.08242007338709,29.145310016444082,28.73277829184976,86.02409638554217,3026.359800338745,,1455
ablations/verb,3-VERBS-a,123,facebook/nllb-200-distilled-600M,595,3.8028506606560715,15.124685784795174,14.383452294275925,101.30120481927712,973.0673699378967,,1455
ablations/verb,3-VERBS-a,42,facebook/nllb-200-distilled-600M,595,3.755110348399647,14.623323480033134,14.017944900183373,98.3132530120482,986.9799315929413,,1455
ablations/verb,3-VERBS-a,456,facebook/nllb-200-distilled-600M,595,3.4243507083615263,15.791568643963375,14.828690816508065,108.19277108433735,959.1190993785858,,1455
ablations/verb,3-VERBS-b,123,facebook/nllb-200-distilled-600M,475,5.5294209654329425,15.877392603313172,15.066008834234273,106.0,741.3395426273346,,1455
ablations/verb,3-VERBS-b,42,facebook/nllb-200-distilled-600M,475,4.883096307382564,15.794662834908483,14.917331330382034,111.00000000000001,764.7234275341034,,1455
ablations/verb,3-VERBS-b,456,facebook/nllb-200-distilled-600M,475,5.4578786345032535,13.467470341248266,12.932187892092683,116.75903614457832,773.185341835022,,1455
ablations/verb,3-VERBS-c,123,facebook/nllb-200-distilled-600M,516,4.547767950585191,14.57860383916463,14.407173715873883,108.90361445783132,859.0463652610779,,1455
ablations/verb,3-VERBS-c,42,facebook/nllb-200-distilled-600M,516,4.91437419992961,14.868002434388814,14.499364842920452,113.9156626506024,893.893495798111,,1455
ablations/verb,3-VERBS-c,456,facebook/nllb-200-distilled-600M,516,4.5297796530197125,15.092149413470695,14.696836875986715,109.63855421686748,895.4009437561035,,1455
ablations/verb,5-VERBS-a,123,facebook/nllb-200-distilled-600M,854,8.490441382435147,17.90055356822993,17.670155776939556,93.36144578313254,1475.6013691425323,,1455
ablations/verb,5-VERBS-a,42,facebook/nllb-200-distilled-600M,854,6.501522598424715,17.520571187834065,17.113903761008604,120.84337349397592,1435.7768244743347,,1455
ablations/verb,5-VERBS-a,456,facebook/nllb-200-distilled-600M,854,7.770266242969526,17.873813309255432,17.43426648780228,105.25301204819277,1477.1079864501953,,1455
ablations/verb,5-VERBS-b,123,facebook/nllb-200-distilled-600M,841,8.08694364831656,17.82120738137553,17.927023056921605,103.90361445783131,1418.3496973514557,,1455
ablations/verb,5-VERBS-b,42,facebook/nllb-200-distilled-600M,841,9.04079714289144,18.128904191620272,17.894745645259817,95.66265060240964,1432.2210404872894,,1455
ablations/verb,5-VERBS-b,456,facebook/nllb-200-distilled-600M,841,9.122576922194582,17.87061645966558,17.665881555250955,93.74698795180723,1411.1105861663818,,1455
ablations/verb,5-VERBS-c,123,facebook/nllb-200-distilled-600M,802,6.350511999381044,15.764236025630682,15.203018175343288,119.22891566265059,1357.2963376045227,,1455
ablations/verb,5-VERBS-c,42,facebook/nllb-200-distilled-600M,802,7.542556943366318,17.058722576558825,16.59539781056571,95.75903614457832,1359.5280225276947,,1455
ablations/verb,5-VERBS-c,456,facebook/nllb-200-distilled-600M,802,6.038606093901444,15.80439542460515,15.303370358406054,124.93975903614458,1341.4924550056458,,1455
baselines,LENGTH-STRATIFIED,123,facebook/nllb-200-distilled-600M,1608,3.4168667347277584,25.2895529520346,22.789034040990238,98.4578313253012,4454.745044469833,,1455
baselines,LENGTH-STRATIFIED,2024,facebook/nllb-200-distilled-600M,1608,3.2378468342065467,25.045901744783677,22.59259061013101,100.21686746987952,4372.419183254242,,1455
baselines,LENGTH-STRATIFIED,42,facebook/nllb-200-distilled-600M,1608,2.999951364166991,25.082832842941006,22.547341391889443,100.02409638554217,4506.65846991539,,1455
baselines,LENGTH-STRATIFIED,456,facebook/nllb-200-distilled-600M,1608,2.8040838251126456,25.906300509800325,23.186498618595,100.03614457831324,4477.771714448929,,1455
baselines,LENGTH-STRATIFIED,789,facebook/nllb-200-distilled-600M,1608,3.3236134920604767,26.11077870726263,23.496471469753423,96.96385542168674,4553.575706005096,,1455
baselines,STRUCT4K-ALL-BASELINES,123,facebook/nllb-200-distilled-600M,7073,53.57034745157173,64.28761928874732,62.96125507017866,45.04819277108434,5693.037325143814,,1455
baselines,STRUCT4K-ALL-BASELINES,2024,facebook/nllb-200-distilled-600M,7073,34.05914237828101,50.423142526077704,48.80275099369694,63.24096385542168,3657.923560142517,,1455
baselines,STRUCT4K-ALL-BASELINES,42,facebook/nllb-200-distilled-600M,7073,44.16425347544651,57.96247865192468,56.39574162455312,55.24096385542169,4431.222404718399,,1455
baselines,STRUCT4K-ALL-BASELINES,456,facebook/nllb-200-distilled-600M,7073,45.454124485203735,58.96492770682198,57.55131815080096,53.807228915662655,4589.458516120911,,1455
baselines,STRUCT4K-ALL-BASELINES,789,facebook/nllb-200-distilled-600M,7073,28.254110177275475,46.36729622631226,44.859695610298736,68.04819277108433,3200.480334997177,,1455
baselines,STRUCT4K-LENGTH2K,123,facebook/nllb-200-distilled-600M,4735,25.98774083390407,40.90548474410923,39.600331348595105,76.06024096385542,2728.1638135910034,,1455
baselines,STRUCT4K-LENGTH2K,2024,facebook/nllb-200-distilled-600M,4735,30.26844518113604,45.42980932489616,44.35974451722013,74.96385542168674,3488.990995168686,,1455
baselines,STRUCT4K-LENGTH2K,42,facebook/nllb-200-distilled-600M,4735,38.48390115007344,49.95711846342351,48.68723908719505,62.69879518072289,5865.488948345184,,1455
baselines,STRUCT4K-LENGTH2K,456,facebook/nllb-200-distilled-600M,4735,35.06889472527573,47.062091713374784,45.89913389346292,66.66265060240963,3677.0558409690857,,1455
baselines,STRUCT4K-LENGTH2K,789,facebook/nllb-200-distilled-600M,4735,38.26560924167483,49.515222746160525,48.22161949634688,63.036144578313255,6025.6985692977905,,1455
baselines,STRUCT4K-TFIDF2K,123,facebook/nllb-200-distilled-600M,4568,22.800173514438953,37.4021414984816,35.9042601613572,78.144578313253,3866.2057836055756,,1455
baselines,STRUCT4K-TFIDF2K,2024,facebook/nllb-200-distilled-600M,4568,20.381088585466426,36.02660087675722,34.82321515930659,86.26506024096385,2581.724057197571,,1455
baselines,STRUCT4K-TFIDF2K,42,facebook/nllb-200-distilled-600M,4568,20.44448113121084,35.83544052579447,34.447155947607506,87.24096385542168,3162.632707595825,,1455
baselines,STRUCT4K-TFIDF2K,456,facebook/nllb-200-distilled-600M,4568,20.321249201528918,34.36621091674561,33.39702615273008,86.1566265060241,2343.9357895851135,,1455
baselines,STRUCT4K-TFIDF2K,789,facebook/nllb-200-distilled-600M,4568,18.952716255847395,35.44922335875641,34.19403621690918,89.60240963855422,2587.81671333313,,1455
baselines,STRUCT4K-VOCAB2K,123,facebook/nllb-200-distilled-600M,4735,31.7856656208953,46.61972665924156,45.37108832665065,72.13253012048193,3635.2168641090393,,1455
baselines,STRUCT4K-VOCAB2K,2024,facebook/nllb-200-distilled-600M,4735,34.87369797092875,47.424079008218804,46.003986927060275,67.78313253012048,3776.1034302711487,,1455
baselines,STRUCT4K-VOCAB2K,42,facebook/nllb-200-distilled-600M,4735,38.8256594883007,50.68825744521115,49.335202974053786,62.81927710843374,4370.852696895599,,1455
baselines,STRUCT4K-VOCAB2K,456,facebook/nllb-200-distilled-600M,4735,35.47643385902871,49.33897921835984,48.012288653603335,66.8433734939759,4078.63068819046,,1455
baselines,STRUCT4K-VOCAB2K,789,facebook/nllb-200-distilled-600M,4735,34.65781693842448,47.05721780648361,45.64735578796502,67.55421686746988,3670.8803164958954,,1455
baselines,TF-IDF-DIVERSE,123,facebook/nllb-200-distilled-600M,1614,2.753540837954232,25.052763016988134,22.529659508659694,100.22891566265059,4066.41353225708,,1455
baselines,TF-IDF-DIVERSE,2024,facebook/nllb-200-distilled-600M,1614,3.3408988846138046,25.42538304103015,22.942624732321228,97.72289156626506,4053.736106157303,,1455
baselines,TF-IDF-DIVERSE,42,facebook/nllb-200-distilled-600M,1614,2.7695990391558643,25.344680461157925,22.687611494952513,98.87951807228916,4118.587965011597,,1455
baselines,TF-IDF-DIVERSE,456,facebook/nllb-200-distilled-600M,1614,2.496472829061636,25.00659592710589,22.36528570612059,101.92771084337349,4117.6654369831085,,1455
baselines,TF-IDF-DIVERSE,789,facebook/nllb-200-distilled-600M,1614,2.609420777160391,25.179854653176193,22.548203073782254,99.40963855421687,4108.405520439148,,1455
baselines,VOCAB-MAXIMIZED,123,facebook/nllb-200-distilled-600M,1614,2.6380902501607464,24.910349767919747,22.53024516809841,97.83132530120481,4411.322198390961,,1455
baselines,VOCAB-MAXIMIZED,2024,facebook/nllb-200-distilled-600M,1614,3.3001573319397406,25.781841329156087,23.389866697664015,96.20481927710843,4714.206342220306,,1455
baselines,VOCAB-MAXIMIZED,42,facebook/nllb-200-distilled-600M,1614,2.660687126976388,25.32952915133327,22.89630380757162,99.48192771084338,4563.374060153961,,1455
baselines,VOCAB-MAXIMIZED,456,facebook/nllb-200-distilled-600M,1614,2.433913360457092,25.605727658022538,22.96352785207347,97.49397590361446,4833.6117696762085,,1455
baselines,VOCAB-MAXIMIZED,789,facebook/nllb-200-distilled-600M,1614,2.335528840870762,25.90267068469936,23.196506280853974,96.63855421686746,4768.246423006058,,1455
exp1,RANDOM-10K,123,facebook/nllb-200-distilled-600M,7200,4.257553175304907,30.82484204788457,27.563158921856584,94.73493975903614,5870.058166265488,,1455
exp1,RANDOM-10K,2024,facebook/nllb-200-distilled-600M,7200,3.9928520385466575,30.814485641086257,27.569146744983737,97.95180722891567,6999.852036476135,,1455
exp1,RANDOM-10K,42,facebook/nllb-200-distilled-600M,7200,4.16746626300375,30.485661074861525,27.236912751535748,98.0722891566265,6145.4026658535,,1455
exp1,RANDOM-10K,456,facebook/nllb-200-distilled-600M,7200,4.221525881591701,31.3929598151655,27.95248826343383,93.5421686746988,5419.856974363327,,1455
exp1,RANDOM-10K,789,facebook/nllb-200-distilled-600M,7200,3.9881988650395708,30.510094730919253,27.46343703161812,103.28915662650601,5192.854105949402,,1455
exp1,RANDOM-10K_STRUCTURED-4K,123,facebook/nllb-200-distilled-600M,10316,23.95492776637283,41.99031817148706,39.97537819192393,75.69879518072288,5250.1081330776215,,1455
exp1,RANDOM-10K_STRUCTURED-4K,2024,facebook/nllb-200-distilled-600M,10316,24.061824900017918,41.86738204679949,39.73626659143688,73.71084337349397,5365.51301240921,,1455
exp1,RANDOM-10K_STRUCTURED-4K,42,facebook/nllb-200-distilled-600M,10316,22.865835977317246,41.54740282780508,39.67624220951548,77.04819277108433,3612.206043481827,,1455
exp1,RANDOM-10K_STRUCTURED-4K,456,facebook/nllb-200-distilled-600M,10316,22.219692626498944,42.008271507079,40.16853573711127,78.33734939759036,3858.747292995453,,1455
exp1,RANDOM-10K_STRUCTURED-4K,789,facebook/nllb-200-distilled-600M,10316,19.158919703654067,38.449659834147994,36.717820882449544,86.6867469879518,3031.16672205925,,1455
exp1,RANDOM-4K,123,facebook/nllb-200-distilled-600M,3600,4.074260074080032,29.210858683013623,26.139336878312253,97.14457831325302,6253.381870746613,,1455
exp1,RANDOM-4K,2024,facebook/nllb-200-distilled-600M,3600,3.774204171140484,29.106143964334436,26.05300319263886,100.20481927710843,4234.415360450745,,1455
exp1,RANDOM-4K,42,facebook/nllb-200-distilled-600M,3600,2.970711903500196,28.153122127833786,25.245410945106094,104.44578313253012,3522.111578941345,,1455
exp1,RANDOM-4K,456,facebook/nllb-200-distilled-600M,3600,4.085705773232972,29.23388709018943,26.20618266469195,97.69879518072288,5227.560501098633,,1455
exp1,RANDOM-4K,789,facebook/nllb-200-distilled-600M,3600,3.3837649565673082,28.085150331124147,25.095354028868815,100.40963855421687,3822.0859246253967,,1455
exp1,RANDOM-6K_STRUCTURED-4K,123,facebook/nllb-200-distilled-600M,8516,21.75942546012316,41.070133611901426,39.16782472898671,79.74698795180723,4195.408781290054,,1455
exp1,RANDOM-6K_STRUCTURED-4K,2024,facebook/nllb-200-distilled-600M,8516,22.999346285696877,41.30409972442315,39.44046162703004,76.13253012048192,5281.798009634018,,1455
exp1,RANDOM-6K_STRUCTURED-4K,42,facebook/nllb-200-distilled-600M,8516,20.78425961457176,40.10971529672331,38.14052483820936,85.26506024096385,3546.6661500930786,,1455
exp1,RANDOM-6K_STRUCTURED-4K,456,facebook/nllb-200-distilled-600M,8516,23.2734408861032,41.13110293943876,39.18548924782691,75.69879518072288,4425.042683124542,,1455
exp1,RANDOM-6K_STRUCTURED-4K,789,facebook/nllb-200-distilled-600M,8516,18.28966001608334,38.67741219025054,36.94231145492686,95.18072289156626,3150.470311641693,,1455
exp1,STRUCTURED-2K,123,facebook/nllb-200-distilled-600M,1800,20.77001539336914,29.213309008490928,28.819139062955863,83.51807228915663,3387.688853263855,,1455
exp1,STRUCTURED-2K,2024,facebook/nllb-200-distilled-600M,1800,21.617517301291006,29.482674960582134,29.198537295852383,78.78313253012048,2756.20494890213,,1455
exp1,STRUCTURED-2K,42,facebook/nllb-200-distilled-600M,1800,21.37928253021592,29.842088791619886,29.556439097153188,81.9156626506024,2881.117219686508,,1455
exp1,STRUCTURED-2K,456,facebook/nllb-200-distilled-600M,1800,15.16026389881753,28.01851218804332,27.51236693163916,106.26506024096385,2714.2473566532135,,1455
exp1,STRUCTURED-2K,789,facebook/nllb-200-distilled-600M,1800,20.641037659793614,29.46351855357473,29.154269798910136,84.3855421686747,3111.401617527008,,1455
exp1,STRUCTURED-4K-ONLY,123,facebook/nllb-200-distilled-600M,3116,19.392921352168806,29.73750428321778,29.149724350756163,91.13253012048193,2143.258598089218,,1455
exp1,STRUCTURED-4K-ONLY,2024,facebook/nllb-200-distilled-600M,3116,20.767141621116984,29.27027834008536,28.596823701105944,90.09638554216868,2618.975095272064,,1455
exp1,STRUCTURED-4K-ONLY,42,facebook/nllb-200-distilled-600M,3116,20.967733150391403,28.952426209086727,28.50423778394859,85.03614457831326,3108.5638654232025,,1455
exp1,STRUCTURED-4K-ONLY,456,facebook/nllb-200-distilled-600M,3116,17.99859660595804,28.396164144060904,27.819765775406157,100.40963855421687,2002.333925485611,,1455
exp1,STRUCTURED-4K-ONLY,789,facebook/nllb-200-distilled-600M,3116,18.404585158754326,28.96930290494584,28.534373111651252,99.25301204819277,2462.4173793792725,,1455
exp2,RANDOM-1000,123,facebook/nllb-200-distilled-600M,900,2.4250560066931164,22.031184899536445,19.915893580918087,101.26506024096385,2084.205379009247,,1455
exp2,RANDOM-1000,2024,facebook/nllb-200-distilled-600M,900,2.721972360994331,22.351924630538942,20.304241371061067,103.15662650602411,2161.898381948471,,1455
exp2,RANDOM-1000,42,facebook/nllb-200-distilled-600M,900,2.7607661139021,22.166290060177822,20.171606569402336,106.28915662650601,2103.6841089725494,,1455
exp2,RANDOM-1000,456,facebook/nllb-200-distilled-600M,900,2.3724625810860145,21.897149432902406,19.837090863012737,108.87951807228914,2109.0291061401367,,1455
exp2,RANDOM-1000,789,facebook/nllb-200-distilled-600M,900,2.701293777720133,21.846730267626345,19.801523696535583,100.13253012048193,2098.244611978531,,1455
exp2,RANDOM-10000,123,facebook/nllb-200-distilled-600M,7200,4.257553175304907,30.82484204788457,27.563158921856584,94.73493975903614,6061.609944343567,,1455
exp2,RANDOM-10000,2024,facebook/nllb-200-distilled-600M,7200,3.9928520385466575,30.814485641086257,27.569146744983737,97.95180722891567,7009.652048826218,,1455
exp2,RANDOM-10000,42,facebook/nllb-200-distilled-600M,7200,4.16746626300375,30.485661074861525,27.236912751535748,98.0722891566265,6315.469606637955,,1455
exp2,RANDOM-10000,456,facebook/nllb-200-distilled-600M,7200,4.221525881591701,31.3929598151655,27.95248826343383,93.5421686746988,5472.164300918579,,1455
exp2,RANDOM-10000,789,facebook/nllb-200-distilled-600M,7200,3.9881988650395708,30.510094730919253,27.46343703161812,103.28915662650601,5079.796019077301,,1455
exp2,RANDOM-200,123,facebook/nllb-200-distilled-600M,180,0.602901063965145,12.897533748277311,11.79573284093039,157.6987951807229,366.3655915260315,,1455
exp2,RANDOM-200,2024,facebook/nllb-200-distilled-600M,180,0.28709272607365927,13.116195975249608,11.894954859818833,143.7710843373494,367.0312645435333,,1455
exp2,RANDOM-200,42,facebook/nllb-200-distilled-600M,180,0.5311875172924996,12.469236237323951,11.322422291191971,177.0120481927711,370.421226978302,,1455
exp2,RANDOM-200,456,facebook/nllb-200-distilled-600M,180,0.49314383665851325,13.061952006090202,11.875078035345137,167.710843373494,369.9007384777069,,1455
exp2,RANDOM-200,789,facebook/nllb-200-distilled-600M,180,0.389853877373358,13.577354567180159,12.307933041898329,142.87951807228916,364.8489818572998,,1455
exp2,RANDOM-2000,123,facebook/nllb-200-distilled-600M,1800,2.9236602259753552,25.910255968944547,23.270563686221216,96.07228915662651,4490.743906736374,,1455
exp2,RANDOM-2000,2024,facebook/nllb-200-distilled-600M,1800,3.0572398626031427,26.082594500426016,23.43607219359596,105.27710843373495,4538.689666986465,,1455
exp2,RANDOM-2000,42,facebook/nllb-200-distilled-600M,1800,3.069567017089621,25.98521558543572,23.290932593009646,100.10843373493977,4458.7114334106445,,1455
exp2,RANDOM-2000,456,facebook/nllb-200-distilled-600M,1800,2.713020673364318,24.50379916089128,22.184186154311615,103.13253012048193,4647.6892557144165,,1455
exp2,RANDOM-2000,789,facebook/nllb-200-distilled-600M,1800,3.099751732146509,25.981789396138154,23.459113300435895,103.65060240963855,4084.261540412903,,1455
exp2,RANDOM-4000,123,facebook/nllb-200-distilled-600M,3600,4.074260074080032,29.210858683013623,26.139336878312253,97.14457831325302,6258.3224420547485,,1455
exp2,RANDOM-4000,2024,facebook/nllb-200-distilled-600M,3600,3.774204171140484,29.106143964334436,26.05300319263886,100.20481927710843,4209.4773535728455,,1455
exp2,RANDOM-4000,42,facebook/nllb-200-distilled-600M,3600,2.970711903500196,28.153122127833786,25.245410945106094,104.44578313253012,3524.623259305954,,1455
exp2,RANDOM-4000,456,facebook/nllb-200-distilled-600M,3600,4.085705773232972,29.23388709018943,26.20618266469195,97.69879518072288,5295.221804141998,,1455
exp2,RANDOM-4000,789,facebook/nllb-200-distilled-600M,3600,3.3837649565673082,28.085150331124147,25.095354028868815,100.40963855421687,3838.043292284012,,1455
exp2,RANDOM-500,123,facebook/nllb-200-distilled-600M,450,1.788621110928248,18.671638253199223,16.871535971025814,102.46987951807229,967.7353777885437,,1455
exp2,RANDOM-500,2024,facebook/nllb-200-distilled-600M,450,1.9052511158642453,19.004734690525314,17.27835921909675,103.28915662650601,1013.5746715068817,,1455
exp2,RANDOM-500,42,facebook/nllb-200-distilled-600M,450,1.759470525221759,18.34536322486861,16.55319083499906,104.12048192771084,1008.7905902862549,,1455
exp2,RANDOM-500,456,facebook/nllb-200-distilled-600M,450,1.562340871818933,18.882568375557724,16.96438912561513,111.87951807228916,996.3105533123016,,1455
exp2,RANDOM-500,789,facebook/nllb-200-distilled-600M,450,1.4491616747849108,18.62902507517427,16.78432722364194,98.6144578313253,979.3200926780701,,1455
exp2,RANDOM-6000,123,facebook/nllb-200-distilled-600M,5400,4.04078990608195,29.356488241296525,26.5458129034713,100.93975903614458,3087.4153718948364,,1455
exp2,RANDOM-6000,2024,facebook/nllb-200-distilled-600M,5400,3.8478248539354634,30.466703212816864,27.220167774892733,96.12048192771084,5288.204347372055,,1455
exp2,RANDOM-6000,42,facebook/nllb-200-distilled-600M,5400,4.234429163761417,28.811359290429557,26.086735274536828,93.06024096385542,3103.264481306076,,1455
exp2,RANDOM-6000,456,facebook/nllb-200-distilled-600M,5400,4.041367349698785,30.532872428527085,27.318945747684193,96.40963855421687,6118.190864801407,,1455
exp2,RANDOM-6000,789,facebook/nllb-200-distilled-600M,5400,3.902680516972329,29.9883466689598,26.758450720707444,97.42168674698796,5051.48983001709,,1455
exp2,RANDOM-6K_STRUCTURED-1000,123,facebook/nllb-200-distilled-600M,6300,18.86074822011616,39.20553560639864,37.174607493883,83.39759036144578,3315.167331457138,,1455
exp2,RANDOM-6K_STRUCTURED-1000,2024,facebook/nllb-200-distilled-600M,6300,18.46843831473853,38.919465152390856,36.8524190224187,82.34939759036145,3523.4919018745422,,1455
exp2,RANDOM-6K_STRUCTURED-1000,42,facebook/nllb-200-distilled-600M,6300,16.70680534744221,38.10884490621794,35.9540929222008,88.48192771084338,3285.973284482956,,1455
exp2,RANDOM-6K_STRUCTURED-1000,456,facebook/nllb-200-distilled-600M,6300,19.08012586683164,39.81326831832828,37.795948323471094,82.27710843373494,4475.7724459171295,,1455
exp2,RANDOM-6K_STRUCTURED-1000,789,facebook/nllb-200-distilled-600M,6300,20.369515257876703,39.947096270600056,37.844130491589326,77.28915662650603,4087.6692633628845,,1455
exp2,RANDOM-6K_STRUCTURED-2000,123,facebook/nllb-200-distilled-600M,7200,21.408414111722085,40.85865485664348,38.80300054724306,77.6987951807229,3884.5855395793915,,1455
exp2,RANDOM-6K_STRUCTURED-2000,2024,facebook/nllb-200-distilled-600M,7200,22.23042032983599,40.98650189029777,39.10908131454695,77.95180722891565,4110.779830932617,,1455
exp2,RANDOM-6K_STRUCTURED-2000,42,facebook/nllb-200-distilled-600M,7200,23.41695731309355,42.135737538179995,40.034991569342054,72.2289156626506,6239.136029005051,,1455
exp2,RANDOM-6K_STRUCTURED-2000,456,facebook/nllb-200-distilled-600M,7200,21.496671353189157,40.8913170658424,38.87984633004158,79.90361445783132,4092.108707666397,,1455
exp2,RANDOM-6K_STRUCTURED-2000,789,facebook/nllb-200-distilled-600M,7200,20.48112661876216,40.63112644918807,38.48312978270282,78.74698795180723,3640.91371011734,,1455
exp2,RANDOM-6K_STRUCTURED-4000,123,facebook/nllb-200-distilled-600M,8516,21.75942546012316,41.070133611901426,39.16782472898671,79.74698795180723,4315.066203594208,,1455
exp2,RANDOM-6K_STRUCTURED-4000,2024,facebook/nllb-200-distilled-600M,8516,22.999346285696877,41.30409972442315,39.44046162703004,76.13253012048192,5154.38486289978,,1455
exp2,RANDOM-6K_STRUCTURED-4000,456,facebook/nllb-200-distilled-600M,8516,23.2734408861032,41.13110293943876,39.18548924782691,75.69879518072288,4464.475168228149,,1455
exp2,RANDOM-6K_STRUCTURED-4000,789,facebook/nllb-200-distilled-600M,8516,18.28966001608334,38.67741219025054,36.94231145492686,95.18072289156626,3117.3918273448944,,1455
exp2,RANDOM-6K_STRUCTURED-500,123,facebook/nllb-200-distilled-600M,5850,15.748701368701855,37.52413079130959,35.24408472454002,82.42168674698796,3804.9914660453796,,1455
exp2,RANDOM-6K_STRUCTURED-500,2024,facebook/nllb-200-distilled-600M,5850,17.98757070702871,39.33418993806521,37.00627713784193,78.12048192771084,6540.315729856491,,1455
exp2,RANDOM-6K_STRUCTURED-500,42,facebook/nllb-200-distilled-600M,5850,15.169171455635402,37.64854114076954,35.324936230378476,84.87951807228916,3687.5029442310333,,1455
exp2,RANDOM-6K_STRUCTURED-500,456,facebook/nllb-200-distilled-600M,5850,13.631236224557727,35.97721696187776,33.615323059963984,84.78313253012048,3037.1212570667267,,1455
exp2,RANDOM-6K_STRUCTURED-500,789,facebook/nllb-200-distilled-600M,5850,16.846374545014243,38.81174917102585,36.51400143795024,79.71084337349397,4537.121179819107,,1455
exp2,RANDOM-8000,123,facebook/nllb-200-distilled-600M,7200,4.257553175304907,30.82484204788457,27.563158921856584,94.73493975903614,5866.298258066177,,1455
exp2,RANDOM-8000,2024,facebook/nllb-200-distilled-600M,7200,3.9928520385466575,30.814485641086257,27.569146744983737,97.95180722891567,6916.76616358757,,1455
exp2,RANDOM-8000,42,facebook/nllb-200-distilled-600M,7200,4.16746626300375,30.485661074861525,27.236912751535748,98.0722891566265,6152.474263906479,,1455
exp2,RANDOM-8000,456,facebook/nllb-200-distilled-600M,7200,4.221525881591701,31.3929598151655,27.95248826343383,93.5421686746988,5522.093231678009,,1455
exp2,RANDOM-8000,789,facebook/nllb-200-distilled-600M,7200,3.9881988650395708,30.510094730919253,27.46343703161812,103.28915662650601,5044.192359447479,,1455
exp2,REPLACE-R6000_S4000,123,facebook/nllb-200-distilled-600M,8516,21.75942546012316,41.070133611901426,39.16782472898671,79.74698795180723,4252.722238540649,,1455
exp2,REPLACE-R6000_S4000,2024,facebook/nllb-200-distilled-600M,8516,22.999346285696877,41.30409972442315,39.44046162703004,76.13253012048192,5126.692506313324,,1455
exp2,REPLACE-R6000_S4000,42,facebook/nllb-200-distilled-600M,8516,20.78425961457176,40.10971529672331,38.14052483820936,85.26506024096385,3697.3397104740143,,1455
exp2,REPLACE-R6000_S4000,456,facebook/nllb-200-distilled-600M,8516,23.2734408861032,41.13110293943876,39.18548924782691,75.69879518072288,4586.186367750168,,1455
exp2,REPLACE-R6000_S4000,789,facebook/nllb-200-distilled-600M,8516,18.28966001608334,38.67741219025054,36.94231145492686,95.18072289156626,3073.196975708008,,1455
exp2,REPLACE-R8000_S2000,123,facebook/nllb-200-distilled-600M,9000,22.58182695377709,41.7308744754112,39.74379620135059,78.5421686746988,6293.438103199005,,1455
exp2,REPLACE-R8000_S2000,2024,facebook/nllb-200-distilled-600M,9000,22.505288610022966,41.67931049057883,39.647001119286955,77.37349397590361,4654.780490875244,,1455
exp2,REPLACE-R8000_S2000,42,facebook/nllb-200-distilled-600M,9000,21.82310082141977,41.25321354097894,39.110154485585475,77.53012048192771,4285.863415002823,,1455
exp2,REPLACE-R8000_S2000,456,facebook/nllb-200-distilled-600M,9000,21.84087555987091,41.46928478894303,39.478212611185604,75.02409638554217,3942.743618965149,,1455
exp2,REPLACE-R8000_S2000,789,facebook/nllb-200-distilled-600M,9000,23.438349673385137,42.38175088135546,40.18189646729155,74.13253012048193,6753.481455087662,,1455
exp2,REPLACE-R9000_S1000,123,facebook/nllb-200-distilled-600M,8100,19.711322882893565,40.6336048887061,38.30146037821504,78.43373493975903,5138.254437208176,,1455
exp2,REPLACE-R9000_S1000,2024,facebook/nllb-200-distilled-600M,8100,16.724668156083112,37.698381217265045,35.62979449082158,87.62650602409639,3205.7669734954834,,1455
exp2,REPLACE-R9000_S1000,42,facebook/nllb-200-distilled-600M,8100,18.560142116155852,39.73563261790099,37.56409050556858,76.60240963855422,3672.380286216736,,1455
exp2,REPLACE-R9000_S1000,456,facebook/nllb-200-distilled-600M,8100,21.640350266914613,41.362256041522436,39.08598347317388,74.97590361445783,6550.2682366371155,,1455
exp2,REPLACE-R9000_S1000,789,facebook/nllb-200-distilled-600M,8100,20.17713650396655,40.35478786648403,38.263498562952115,78.09638554216868,5405.627825021744,,1455
exp2,REPLACE-R9500_S500,123,facebook/nllb-200-distilled-600M,7650,14.997810505468438,38.01716494545307,35.6691756150835,83.55421686746988,4029.4005677700043,,1455
exp2,REPLACE-R9500_S500,2024,facebook/nllb-200-distilled-600M,7650,16.6398404695058,38.905022403677776,36.3983638473067,77.71084337349397,5730.293273448944,,1455
exp2,REPLACE-R9500_S500,42,facebook/nllb-200-distilled-600M,7650,15.740231224776092,38.24771595938684,35.84874708374913,83.7710843373494,5084.172456264496,,1455
exp2,REPLACE-R9500_S500,456,facebook/nllb-200-distilled-600M,7650,15.510875793902681,38.332709119616545,35.871947887256525,83.28915662650603,4059.534525871277,,1455
exp2,REPLACE-R9500_S500,789,facebook/nllb-200-distilled-600M,7650,16.207744077253416,38.62201752052994,36.2635821331763,82.72289156626506,5079.809458017349,,1455
exp2,STRUCTURED-1000,123,facebook/nllb-200-distilled-600M,900,18.512168168890337,28.879239149539472,28.398339757814355,89.46987951807229,1618.6218874454498,,1455
exp2,STRUCTURED-1000,2024,facebook/nllb-200-distilled-600M,900,20.018129179716155,28.94576640073906,28.61138469367152,82.48192771084337,1588.4581756591797,,1455
exp2,STRUCTURED-1000,42,facebook/nllb-200-distilled-600M,900,20.472248775734965,29.078781117300572,28.723912645168298,81.38554216867469,1600.6448810100555,,1455
exp2,STRUCTURED-1000,456,facebook/nllb-200-distilled-600M,900,20.040998488293916,29.00972447786025,28.583150772933806,82.97590361445783,1638.0763795375824,,1455
exp2,STRUCTURED-1000,789,facebook/nllb-200-distilled-600M,900,14.824352949340266,28.060880948019072,27.545252018767634,107.51807228915662,1565.123863697052,,1455
exp2,STRUCTURED-200,123,facebook/nllb-200-distilled-600M,180,10.382275339320174,23.067361388858625,22.276068607769677,96.07228915662651,299.85213589668274,,1455
exp2,STRUCTURED-200,2024,facebook/nllb-200-distilled-600M,180,8.880722143246219,22.448319634278334,21.7905366496988,108.39759036144578,296.76068782806396,,1455
exp2,STRUCTURED-200,42,facebook/nllb-200-distilled-600M,180,9.623364570848672,23.24079249390174,22.472727019389175,102.72289156626506,294.58935809135437,,1455
exp2,STRUCTURED-200,456,facebook/nllb-200-distilled-600M,180,9.41466098683932,23.068909239359154,22.422672393907735,106.20481927710843,293.65274262428284,,1455
exp2,STRUCTURED-200,789,facebook/nllb-200-distilled-600M,180,8.701437678867725,22.93094210187891,22.133019199824556,106.24096385542168,297.1124269962311,,1455
exp2,STRUCTURED-2000,123,facebook/nllb-200-distilled-600M,1800,20.77001539336914,29.213309008490928,28.819139062955863,83.51807228915663,3357.2160108089447,,1455
exp2,STRUCTURED-2000,2024,facebook/nllb-200-distilled-600M,1800,21.617517301291006,29.482674960582134,29.198537295852383,78.78313253012048,2759.707235813141,,1455
exp2,STRUCTURED-2000,42,facebook/nllb-200-distilled-600M,1800,21.37928253021592,29.842088791619886,29.556439097153188,81.9156626506024,2867.3408193588257,,1455
exp2,STRUCTURED-2000,456,facebook/nllb-200-distilled-600M,1800,15.16026389881753,28.01851218804332,27.51236693163916,106.26506024096385,2667.3331909179688,,1455
exp2,STRUCTURED-2000,789,facebook/nllb-200-distilled-600M,1800,20.641037659793614,29.46351855357473,29.154269798910136,84.3855421686747,2981.8344781398773,,1455
exp2,STRUCTURED-3000,123,facebook/nllb-200-distilled-600M,2649,21.209613431636107,28.908980370773435,28.490394913156663,86.44578313253012,3205.811602830887,,1455
exp2,STRUCTURED-3000,2024,facebook/nllb-200-distilled-600M,2649,21.424406793437058,29.306109644633587,28.782230475638297,82.48192771084337,4251.32645201683,,1455
exp2,STRUCTURED-3000,42,facebook/nllb-200-distilled-600M,2649,21.635523636666864,30.002065436434894,29.55344395557394,80.60240963855422,2882.522813796997,,1455
exp2,STRUCTURED-3000,789,facebook/nllb-200-distilled-600M,2649,20.23058330345328,29.8747685514285,29.565781846859814,84.08433734939759,2233.501340866089,,1455
exp2,STRUCTURED-4000,123,facebook/nllb-200-distilled-600M,3116,19.392921352168806,29.73750428321778,29.149724350756163,91.13253012048193,2125.9217789173126,,1455
exp2,STRUCTURED-4000,2024,facebook/nllb-200-distilled-600M,3116,20.767141621116984,29.27027834008536,28.596823701105944,90.09638554216868,2624.7926063537598,,1455
exp2,STRUCTURED-4000,42,facebook/nllb-200-distilled-600M,3116,20.967733150391403,28.952426209086727,28.50423778394859,85.03614457831326,3163.996924638748,,1455
exp2,STRUCTURED-4000,456,facebook/nllb-200-distilled-600M,3116,17.99859660595804,28.396164144060904,27.819765775406157,100.40963855421687,2019.7384963035583,,1455
exp2,STRUCTURED-4000,789,facebook/nllb-200-distilled-600M,3116,18.404585158754326,28.96930290494584,28.534373111651252,99.25301204819277,2421.7307283878326,,1455
exp2,STRUCTURED-500,123,facebook/nllb-200-distilled-600M,450,16.688192755106638,27.395683720193908,26.76970146632621,83.65060240963855,778.5757081508636,,1455
exp2,STRUCTURED-500,2024,facebook/nllb-200-distilled-600M,450,14.883102444134563,27.285433623343103,26.68697805981774,89.86746987951807,742.7792139053345,,1455
exp2,STRUCTURED-500,42,facebook/nllb-200-distilled-600M,450,13.411093735496502,25.848824572663666,25.343116347542793,105.34939759036143,782.1762981414795,,1455
exp2,STRUCTURED-500,456,facebook/nllb-200-distilled-600M,450,15.839061797426037,26.50486339496733,25.927191662939205,89.04819277108433,748.285409450531,,1455
exp2,STRUCTURED-500,789,facebook/nllb-200-distilled-600M,450,14.568691043897728,25.963993814086848,25.383328631171214,95.0,758.9477229118347,,1455
exp1,RANDOM-10K,123,facebook/nllb-200-1.3B,7200,3.5815009433780114,31.1430322606047,27.73496468161979,104.02409638554218,2799.318449497223,,1455
exp1,RANDOM-10K,2024,facebook/nllb-200-1.3B,7200,3.913484891669554,31.193893163721253,28.003463924360016,105.9397590361446,2940.6404180526733,,1455
exp1,RANDOM-10K,42,facebook/nllb-200-1.3B,7200,4.0125052338695,30.999406868398722,27.725284639403235,96.60240963855422,4951.106940507889,,1455
exp1,RANDOM-10K,456,facebook/nllb-200-1.3B,7200,4.40848649717294,31.346146769529877,27.87798532587782,94.87951807228916,4333.777768373489,,1455
exp1,RANDOM-10K,789,facebook/nllb-200-1.3B,7200,4.408115157048619,31.528723632347344,28.220326399287572,99.78313253012048,3553.1269631385803,,1455
exp1,RANDOM-10K_STRUCTURED-4K,123,facebook/nllb-200-1.3B,10316,24.534395257684043,42.85319520237407,40.7114933271452,72.46987951807229,4286.849682807922,,1455
exp1,RANDOM-10K_STRUCTURED-4K,2024,facebook/nllb-200-1.3B,10316,23.720810711859517,41.83432504242426,39.62908216949092,75.79518072289156,4397.923504114151,,1455
exp1,RANDOM-10K_STRUCTURED-4K,42,facebook/nllb-200-1.3B,10316,21.74470031538073,41.184381078127274,39.20862560172883,82.25301204819277,2659.1855132579803,,1455
exp1,RANDOM-10K_STRUCTURED-4K,456,facebook/nllb-200-1.3B,10316,22.363245282488105,42.06975923202054,40.008558679334485,79.144578313253,3129.1604397296906,,1455
exp1,RANDOM-10K_STRUCTURED-4K,789,facebook/nllb-200-1.3B,10316,23.419672860706164,42.962325072101265,40.71902931889538,74.83132530120483,3403.7216351032257,,1455
exp1,RANDOM-6K_STRUCTURED-4K,123,facebook/nllb-200-1.3B,8516,24.233967016972322,41.971678311892376,40.008822242921205,74.67469879518073,3463.3502972126007,,1455
exp1,RANDOM-6K_STRUCTURED-4K,2024,facebook/nllb-200-1.3B,8516,23.87053309422384,42.450636697914895,40.30094380870023,74.56626506024097,3631.4198389053345,,1455
exp1,RANDOM-6K_STRUCTURED-4K,42,facebook/nllb-200-1.3B,8516,23.19539197717337,41.418891500229755,39.36550953950175,79.0843373493976,3245.036376953125,,1455
exp1,RANDOM-6K_STRUCTURED-4K,456,facebook/nllb-200-1.3B,8516,23.079788285545288,42.01015527980357,40.08630646376478,75.34939759036145,3121.6634652614594,,1455
exp1,RANDOM-6K_STRUCTURED-4K,789,facebook/nllb-200-1.3B,8516,24.232446173360938,42.08103283318221,40.03275304091935,73.80722891566265,3341.054039001465,,1455
exp1,STRUCTURED-4K-ONLY,123,facebook/nllb-200-1.3B,3116,20.771724942239114,28.104973165079,27.53316653773434,91.12048192771084,1996.8247253894806,,1455
exp1,STRUCTURED-4K-ONLY,2024,facebook/nllb-200-1.3B,3116,21.057101651450555,28.83198315197581,28.098676933778293,87.0,2138.182468652725,,1455
exp1,STRUCTURED-4K-ONLY,42,facebook/nllb-200-1.3B,3116,21.779720836447627,28.57847407258822,27.907729911896055,79.21686746987952,2958.082930088043,,1455
exp1,STRUCTURED-4K-ONLY,456,facebook/nllb-200-1.3B,3116,12.810932635912335,26.847516677499577,26.239943597961616,134.9277108433735,1784.6329345703125,,1455
exp1,STRUCTURED-4K-ONLY,789,facebook/nllb-200-1.3B,3116,21.89693490235122,28.893556599883137,28.46876434250742,81.10843373493975,2974.093095064163,,1455
